{"cameraMode":{"drawMode":0,"name":"Shaded","section":"Shading Mode"},"sceneLighting":true,"audioPlay":false,"sceneViewState":{"showFog":false,"showMaterialUpdate":false,"showSkybox":false,"showFlares":false,"showImageEffects":false,"showParticleSystems":false},"in2DMode":false,"pivot":{"x":-2.0575976371765138,"y":0.8860878944396973,"z":5.025071144104004},"rotation":{"x":-0.03749148175120354,"y":0.022479750216007234,"z":-0.0008435791241936386,"w":-0.9990450143814087},"size":14.860950469970704,"orthographic":false}